n,p,noise,alpha,one_success,final_success,converged,sweeps
256,26,0.050000,0.101562,1.000000,1.000000,1.000000,2.220000
256,26,0.200000,0.101562,0.760000,0.920000,1.000000,3.200000
256,31,0.050000,0.121094,0.980000,0.900000,1.000000,2.940000
256,31,0.200000,0.121094,0.500000,0.760000,1.000000,4.620000
256,36,0.050000,0.140625,0.960000,0.860000,1.000000,3.060000
256,36,0.200000,0.140625,0.280000,0.520000,1.000000,5.660000
256,41,0.050000,0.160156,0.880000,0.640000,1.000000,4.120000
256,41,0.200000,0.160156,0.180000,0.320000,1.000000,7.220000
256,46,0.050000,0.179688,0.760000,0.480000,1.000000,6.840000
256,46,0.200000,0.179688,0.060000,0.080000,1.000000,9.260000
256,51,0.050000,0.199219,0.540000,0.280000,1.000000,8.440000
256,51,0.200000,0.199219,0.020000,0.060000,1.000000,10.840000
256,56,0.050000,0.218750,0.400000,0.140000,1.000000,10.240000
256,56,0.200000,0.218750,0.000000,0.000000,1.000000,10.520000
1024,102,0.050000,0.099609,1.000000,1.000000,1.000000,2.520000
1024,102,0.200000,0.099609,0.880000,1.000000,1.000000,3.900000
1024,123,0.050000,0.120117,1.000000,0.980000,1.000000,3.400000
1024,123,0.200000,0.120117,0.300000,0.860000,1.000000,6.240000
1024,143,0.050000,0.139648,1.000000,0.880000,1.000000,6.700000
1024,143,0.200000,0.139648,0.020000,0.380000,1.000000,18.780000
1024,164,0.050000,0.160156,0.960000,0.380000,1.000000,18.040000
1024,164,0.200000,0.160156,0.000000,0.040000,1.000000,25.100000
1024,184,0.050000,0.179688,0.700000,0.120000,1.000000,25.020000
1024,184,0.200000,0.179688,0.000000,0.000000,1.000000,22.800000
1024,205,0.050000,0.200195,0.340000,0.000000,1.000000,27.580000
1024,205,0.200000,0.200195,0.000000,0.000000,1.000000,25.260000
1024,225,0.050000,0.219727,0.060000,0.000000,1.000000,28.100000
1024,225,0.200000,0.219727,0.000000,0.000000,1.000000,24.220000
4096,410,0.050000,0.100098,1.000000,1.000000,1.000000,3.360000
4096,410,0.200000,0.100098,0.960000,1.000000,1.000000,4.940000
4096,492,0.050000,0.120117,1.000000,1.000000,1.000000,4.160000
4096,492,0.200000,0.120117,0.160000,0.980000,1.000000,9.180000
4096,573,0.050000,0.139893,1.000000,0.860000,1.000000,15.720000
4096,573,0.200000,0.139893,0.000000,0.220000,1.000000,49.980000
4096,655,0.050000,0.159912,1.000000,0.140000,1.000000,61.540000
4096,655,0.200000,0.159912,0.000000,0.000000,1.000000,63.760000
4096,737,0.050000,0.179932,0.740000,0.000000,1.000000,63.740000
4096,737,0.200000,0.179932,0.000000,0.000000,1.000000,59.540000
4096,819,0.050000,0.199951,0.220000,0.000000,1.000000,61.060000
4096,819,0.200000,0.199951,0.000000,0.000000,1.000000,58.080000
4096,901,0.050000,0.219971,0.020000,0.000000,1.000000,59.140000
4096,901,0.200000,0.219971,0.000000,0.000000,1.000000,56.420000
