dataset,seed,k,mask,success,exact_hidden,hidden_accuracy,cue_matches
MNIST,10,100,lower_half,1.000000,1.000000,1.000000,1.000000
MNIST,10,100,random_half,1.000000,1.000000,1.000000,1.000000
MNIST,10,200,lower_half,1.000000,1.000000,1.000000,1.000000
MNIST,10,200,random_half,1.000000,1.000000,1.000000,1.000000
MNIST,11,100,lower_half,1.000000,1.000000,1.000000,1.000000
MNIST,11,100,random_half,1.000000,1.000000,1.000000,1.000000
MNIST,11,200,lower_half,1.000000,1.000000,1.000000,1.000000
MNIST,11,200,random_half,1.000000,1.000000,1.000000,1.000000
MNIST,12,100,lower_half,1.000000,1.000000,1.000000,1.000000
MNIST,12,100,random_half,1.000000,1.000000,1.000000,1.000000
MNIST,12,200,lower_half,1.000000,1.000000,1.000000,1.000000
MNIST,12,200,random_half,1.000000,1.000000,1.000000,1.000000
MNIST,13,100,lower_half,1.000000,1.000000,1.000000,1.000000
MNIST,13,100,random_half,1.000000,1.000000,1.000000,1.000000
MNIST,13,200,lower_half,1.000000,1.000000,1.000000,1.000000
MNIST,13,200,random_half,1.000000,1.000000,1.000000,1.000000
MNIST,14,100,lower_half,1.000000,1.000000,1.000000,1.000000
MNIST,14,100,random_half,1.000000,1.000000,1.000000,1.000000
MNIST,14,200,lower_half,1.000000,1.000000,1.000000,1.000000
MNIST,14,200,random_half,1.000000,1.000000,1.000000,1.000000
MNIST,15,100,lower_half,1.000000,1.000000,1.000000,1.000000
MNIST,15,100,random_half,1.000000,1.000000,1.000000,1.000000
MNIST,15,200,lower_half,1.000000,1.000000,1.000000,1.000000
MNIST,15,200,random_half,1.000000,1.000000,1.000000,1.000000
MNIST,16,100,lower_half,1.000000,1.000000,1.000000,1.000000
MNIST,16,100,random_half,1.000000,1.000000,1.000000,1.000000
MNIST,16,200,lower_half,1.000000,1.000000,1.000000,1.000000
MNIST,16,200,random_half,1.000000,1.000000,1.000000,1.000000
MNIST,17,100,lower_half,1.000000,1.000000,1.000000,1.000000
MNIST,17,100,random_half,1.000000,1.000000,1.000000,1.000000
MNIST,17,200,lower_half,1.000000,1.000000,1.000000,1.000000
MNIST,17,200,random_half,1.000000,1.000000,1.000000,1.000000
MNIST,18,100,lower_half,1.000000,1.000000,1.000000,1.000000
MNIST,18,100,random_half,1.000000,1.000000,1.000000,1.000000
MNIST,18,200,lower_half,1.000000,1.000000,1.000000,1.000000
MNIST,18,200,random_half,1.000000,1.000000,1.000000,1.000000
MNIST,19,100,lower_half,1.000000,1.000000,1.000000,1.000000
MNIST,19,100,random_half,1.000000,1.000000,1.000000,1.000000
MNIST,19,200,lower_half,1.000000,1.000000,1.000000,1.000000
MNIST,19,200,random_half,1.000000,1.000000,1.000000,1.000000
MNIST,20,100,lower_half,1.000000,1.000000,1.000000,1.000000
MNIST,20,100,random_half,1.000000,1.000000,1.000000,1.000000
MNIST,20,200,lower_half,1.000000,1.000000,1.000000,1.000000
MNIST,20,200,random_half,1.000000,1.000000,1.000000,1.000000
MNIST,21,100,lower_half,1.000000,1.000000,1.000000,1.000000
MNIST,21,100,random_half,1.000000,1.000000,1.000000,1.000000
MNIST,21,200,lower_half,1.000000,1.000000,1.000000,1.000000
MNIST,21,200,random_half,1.000000,1.000000,1.000000,1.000000
MNIST,22,100,lower_half,1.000000,1.000000,1.000000,1.000000
MNIST,22,100,random_half,1.000000,1.000000,1.000000,1.000000
MNIST,22,200,lower_half,1.000000,1.000000,1.000000,1.000000
MNIST,22,200,random_half,1.000000,1.000000,1.000000,1.000000
MNIST,23,100,lower_half,1.000000,1.000000,1.000000,1.000000
MNIST,23,100,random_half,1.000000,1.000000,1.000000,1.000000
MNIST,23,200,lower_half,1.000000,1.000000,1.000000,1.000000
MNIST,23,200,random_half,1.000000,1.000000,1.000000,1.000000
MNIST,24,100,lower_half,1.000000,1.000000,1.000000,1.000000
MNIST,24,100,random_half,1.000000,1.000000,1.000000,1.000000
MNIST,24,200,lower_half,1.000000,1.000000,1.000000,1.000000
MNIST,24,200,random_half,1.000000,1.000000,1.000000,1.000000
MNIST,25,100,lower_half,1.000000,1.000000,1.000000,1.000000
MNIST,25,100,random_half,1.000000,1.000000,1.000000,1.000000
MNIST,25,200,lower_half,1.000000,1.000000,1.000000,1.000000
MNIST,25,200,random_half,1.000000,1.000000,1.000000,1.000000
MNIST,26,100,lower_half,1.000000,1.000000,1.000000,1.000000
MNIST,26,100,random_half,1.000000,1.000000,1.000000,1.000000
MNIST,26,200,lower_half,1.000000,1.000000,1.000000,1.000000
MNIST,26,200,random_half,1.000000,1.000000,1.000000,1.000000
MNIST,27,100,lower_half,1.000000,1.000000,1.000000,1.000000
MNIST,27,100,random_half,1.000000,1.000000,1.000000,1.000000
MNIST,27,200,lower_half,1.000000,1.000000,1.000000,1.000000
MNIST,27,200,random_half,1.000000,1.000000,1.000000,1.000000
MNIST,28,100,lower_half,1.000000,1.000000,1.000000,1.000000
MNIST,28,100,random_half,1.000000,1.000000,1.000000,1.000000
MNIST,28,200,lower_half,1.000000,1.000000,1.000000,1.000000
MNIST,28,200,random_half,1.000000,1.000000,1.000000,1.000000
MNIST,29,100,lower_half,1.000000,1.000000,1.000000,1.000000
MNIST,29,100,random_half,1.000000,1.000000,1.000000,1.000000
MNIST,29,200,lower_half,1.000000,1.000000,1.000000,1.000000
MNIST,29,200,random_half,1.000000,1.000000,1.000000,1.000000
Fashion-MNIST,10,100,lower_half,1.000000,1.000000,1.000000,1.000000
Fashion-MNIST,10,100,random_half,1.000000,1.000000,1.000000,1.000000
Fashion-MNIST,10,200,lower_half,1.000000,1.000000,1.000000,1.000000
Fashion-MNIST,10,200,random_half,1.000000,1.000000,1.000000,1.000000
Fashion-MNIST,11,100,lower_half,1.000000,1.000000,1.000000,1.000000
Fashion-MNIST,11,100,random_half,1.000000,1.000000,1.000000,1.000000
Fashion-MNIST,11,200,lower_half,1.000000,1.000000,1.000000,1.000000
Fashion-MNIST,11,200,random_half,1.000000,1.000000,1.000000,1.000000
Fashion-MNIST,12,100,lower_half,1.000000,1.000000,1.000000,1.000000
Fashion-MNIST,12,100,random_half,1.000000,1.000000,1.000000,1.000000
Fashion-MNIST,12,200,lower_half,1.000000,1.000000,1.000000,1.000000
Fashion-MNIST,12,200,random_half,1.000000,1.000000,1.000000,1.000000
Fashion-MNIST,13,100,lower_half,0.990000,0.990000,0.998189,1.020000
Fashion-MNIST,13,100,random_half,1.000000,1.000000,1.000000,1.000000
Fashion-MNIST,13,200,lower_half,0.995000,0.995000,0.999094,1.010000
Fashion-MNIST,13,200,random_half,1.000000,1.000000,1.000000,1.000000
Fashion-MNIST,14,100,lower_half,1.000000,1.000000,1.000000,1.000000
Fashion-MNIST,14,100,random_half,1.000000,1.000000,1.000000,1.000000
Fashion-MNIST,14,200,lower_half,1.000000,1.000000,1.000000,1.000000
Fashion-MNIST,14,200,random_half,1.000000,1.000000,1.000000,1.000000
Fashion-MNIST,15,100,lower_half,1.000000,1.000000,1.000000,1.000000
Fashion-MNIST,15,100,random_half,1.000000,1.000000,1.000000,1.000000
Fashion-MNIST,15,200,lower_half,1.000000,1.000000,1.000000,1.000000
Fashion-MNIST,15,200,random_half,1.000000,1.000000,1.000000,1.000000
Fashion-MNIST,16,100,lower_half,1.000000,1.000000,1.000000,1.000000
Fashion-MNIST,16,100,random_half,1.000000,1.000000,1.000000,1.000000
Fashion-MNIST,16,200,lower_half,1.000000,1.000000,1.000000,1.000000
Fashion-MNIST,16,200,random_half,1.000000,1.000000,1.000000,1.000000
Fashion-MNIST,17,100,lower_half,1.000000,1.000000,1.000000,1.000000
Fashion-MNIST,17,100,random_half,1.000000,1.000000,1.000000,1.000000
Fashion-MNIST,17,200,lower_half,0.995000,0.995000,0.999171,1.010000
Fashion-MNIST,17,200,random_half,1.000000,1.000000,1.000000,1.000000
Fashion-MNIST,18,100,lower_half,1.000000,1.000000,1.000000,1.000000
Fashion-MNIST,18,100,random_half,1.000000,1.000000,1.000000,1.000000
Fashion-MNIST,18,200,lower_half,1.000000,1.000000,1.000000,1.000000
Fashion-MNIST,18,200,random_half,1.000000,1.000000,1.000000,1.000000
Fashion-MNIST,19,100,lower_half,1.000000,1.000000,1.000000,1.000000
Fashion-MNIST,19,100,random_half,1.000000,1.000000,1.000000,1.000000
Fashion-MNIST,19,200,lower_half,0.995000,0.995000,0.999605,1.010000
Fashion-MNIST,19,200,random_half,1.000000,1.000000,1.000000,1.000000
Fashion-MNIST,20,100,lower_half,1.000000,1.000000,1.000000,1.000000
Fashion-MNIST,20,100,random_half,1.000000,1.000000,1.000000,1.000000
Fashion-MNIST,20,200,lower_half,1.000000,1.000000,1.000000,1.000000
Fashion-MNIST,20,200,random_half,1.000000,1.000000,1.000000,1.000000
Fashion-MNIST,21,100,lower_half,1.000000,1.000000,1.000000,1.000000
Fashion-MNIST,21,100,random_half,1.000000,1.000000,1.000000,1.000000
Fashion-MNIST,21,200,lower_half,1.000000,1.000000,1.000000,1.000000
Fashion-MNIST,21,200,random_half,1.000000,1.000000,1.000000,1.000000
Fashion-MNIST,22,100,lower_half,1.000000,1.000000,1.000000,1.000000
Fashion-MNIST,22,100,random_half,1.000000,1.000000,1.000000,1.000000
Fashion-MNIST,22,200,lower_half,1.000000,1.000000,1.000000,1.000000
Fashion-MNIST,22,200,random_half,1.000000,1.000000,1.000000,1.000000
Fashion-MNIST,23,100,lower_half,1.000000,1.000000,1.000000,1.000000
Fashion-MNIST,23,100,random_half,1.000000,1.000000,1.000000,1.000000
Fashion-MNIST,23,200,lower_half,1.000000,1.000000,1.000000,1.000000
Fashion-MNIST,23,200,random_half,1.000000,1.000000,1.000000,1.000000
Fashion-MNIST,24,100,lower_half,0.990000,0.990000,0.998418,1.020000
Fashion-MNIST,24,100,random_half,1.000000,1.000000,1.000000,1.000000
Fashion-MNIST,24,200,lower_half,0.995000,0.995000,0.999209,1.010000
Fashion-MNIST,24,200,random_half,1.000000,1.000000,1.000000,1.000000
Fashion-MNIST,25,100,lower_half,1.000000,1.000000,1.000000,1.000000
Fashion-MNIST,25,100,random_half,1.000000,1.000000,1.000000,1.000000
Fashion-MNIST,25,200,lower_half,1.000000,1.000000,1.000000,1.000000
Fashion-MNIST,25,200,random_half,1.000000,1.000000,1.000000,1.000000
Fashion-MNIST,26,100,lower_half,1.000000,1.000000,1.000000,1.000000
Fashion-MNIST,26,100,random_half,1.000000,1.000000,1.000000,1.000000
Fashion-MNIST,26,200,lower_half,1.000000,1.000000,1.000000,1.000000
Fashion-MNIST,26,200,random_half,1.000000,1.000000,1.000000,1.000000
Fashion-MNIST,27,100,lower_half,1.000000,1.000000,1.000000,1.000000
Fashion-MNIST,27,100,random_half,1.000000,1.000000,1.000000,1.000000
Fashion-MNIST,27,200,lower_half,1.000000,1.000000,1.000000,1.000000
Fashion-MNIST,27,200,random_half,1.000000,1.000000,1.000000,1.000000
Fashion-MNIST,28,100,lower_half,1.000000,1.000000,1.000000,1.000000
Fashion-MNIST,28,100,random_half,1.000000,1.000000,1.000000,1.000000
Fashion-MNIST,28,200,lower_half,0.995000,0.995000,0.998686,1.010000
Fashion-MNIST,28,200,random_half,1.000000,1.000000,1.000000,1.000000
Fashion-MNIST,29,100,lower_half,1.000000,1.000000,1.000000,1.000000
Fashion-MNIST,29,100,random_half,1.000000,1.000000,1.000000,1.000000
Fashion-MNIST,29,200,lower_half,1.000000,1.000000,1.000000,1.000000
Fashion-MNIST,29,200,random_half,1.000000,1.000000,1.000000,1.000000
