dataset,k,mask,rule,mean,low,high,exact,hidden_accuracy,sets,converged
Fashion-MNIST,100,lower_half,projection_diag,0.370000,0.346000,0.393000,0.288500,0.878131,20,1.000000
Fashion-MNIST,100,lower_half,projection_half,0.520500,0.497500,0.542000,0.448500,0.917314,20,1.000000
Fashion-MNIST,100,lower_half,projection_zero,0.652000,0.621000,0.681000,0.610000,0.943932,20,1.000000
Fashion-MNIST,100,random_half,projection_diag,1.000000,1.000000,1.000000,0.966500,0.999565,20,1.000000
Fashion-MNIST,100,random_half,projection_half,0.999500,0.998500,1.000000,0.988000,0.999791,20,1.000000
Fashion-MNIST,100,random_half,projection_zero,1.000000,1.000000,1.000000,0.994500,0.999918,20,1.000000
Fashion-MNIST,200,lower_half,projection_diag,0.000000,0.000000,0.000000,0.000000,0.659507,20,1.000000
Fashion-MNIST,200,lower_half,projection_half,0.006500,0.004500,0.008500,0.002000,0.699668,20,1.000000
Fashion-MNIST,200,lower_half,projection_zero,0.232250,0.211500,0.252750,0.159500,0.822890,20,1.000000
Fashion-MNIST,200,random_half,projection_diag,0.080000,0.070500,0.089500,0.005250,0.886816,20,1.000000
Fashion-MNIST,200,random_half,projection_half,0.976750,0.972250,0.981250,0.740000,0.994513,20,1.000000
Fashion-MNIST,200,random_half,projection_zero,1.000000,1.000000,1.000000,0.974000,0.999647,20,1.000000
MNIST confirmation,100,lower_half,projection_diag,0.053000,0.042000,0.064000,0.004500,0.887786,20,1.000000
MNIST confirmation,100,lower_half,projection_half,0.359000,0.329487,0.389000,0.180000,0.930906,20,1.000000
MNIST confirmation,100,lower_half,projection_zero,0.903500,0.881000,0.922500,0.848500,0.988946,20,1.000000
MNIST confirmation,100,random_half,projection_diag,0.713000,0.679000,0.745012,0.224000,0.966944,20,1.000000
MNIST confirmation,100,random_half,projection_half,0.996000,0.992000,0.999000,0.944000,0.998677,20,1.000000
MNIST confirmation,100,random_half,projection_zero,1.000000,1.000000,1.000000,0.999500,0.999991,20,1.000000
MNIST confirmation,200,lower_half,projection_diag,0.000000,0.000000,0.000000,0.000000,0.786526,20,1.000000
MNIST confirmation,200,lower_half,projection_half,0.000000,0.000000,0.000000,0.000000,0.808411,20,1.000000
MNIST confirmation,200,lower_half,projection_zero,0.085750,0.076250,0.095750,0.049000,0.870649,20,1.000000
MNIST confirmation,200,random_half,projection_diag,0.000000,0.000000,0.000000,0.000000,0.835497,20,1.000000
MNIST confirmation,200,random_half,projection_half,0.001750,0.000750,0.002750,0.000000,0.880262,20,1.000000
MNIST confirmation,200,random_half,projection_zero,0.966750,0.959750,0.973506,0.920750,0.996430,20,1.000000
MNIST exploratory,10,lower_half,hebb,0.060000,0.020000,0.100000,0.000000,0.884439,10,1.000000
MNIST exploratory,10,lower_half,projection_diag,1.000000,1.000000,1.000000,1.000000,1.000000,10,1.000000
MNIST exploratory,10,lower_half,projection_zero,1.000000,1.000000,1.000000,1.000000,1.000000,10,1.000000
MNIST exploratory,10,random_half,hebb,0.090000,0.060000,0.120000,0.000000,0.894413,10,1.000000
MNIST exploratory,10,random_half,projection_diag,1.000000,1.000000,1.000000,1.000000,1.000000,10,1.000000
MNIST exploratory,10,random_half,projection_zero,1.000000,1.000000,1.000000,1.000000,1.000000,10,1.000000
MNIST exploratory,50,lower_half,hebb,0.022000,0.008000,0.040000,0.000000,0.865587,10,1.000000
MNIST exploratory,50,lower_half,projection_diag,0.934000,0.906000,0.960000,0.878000,0.993015,10,1.000000
MNIST exploratory,50,lower_half,projection_zero,1.000000,1.000000,1.000000,0.998000,0.999939,10,1.000000
MNIST exploratory,50,random_half,hebb,0.018000,0.008000,0.030000,0.000000,0.875138,10,1.000000
MNIST exploratory,50,random_half,projection_diag,1.000000,1.000000,1.000000,0.998000,0.999985,10,1.000000
MNIST exploratory,50,random_half,projection_zero,1.000000,1.000000,1.000000,1.000000,1.000000,10,1.000000
MNIST exploratory,100,lower_half,hebb,0.016000,0.003000,0.032000,0.000000,0.864207,10,1.000000
MNIST exploratory,100,lower_half,projection_diag,0.038000,0.030000,0.047000,0.004000,0.885546,10,1.000000
MNIST exploratory,100,lower_half,projection_zero,0.899000,0.875000,0.925000,0.862000,0.988643,10,1.000000
MNIST exploratory,100,random_half,hebb,0.016000,0.009000,0.024000,0.000000,0.873013,10,1.000000
MNIST exploratory,100,random_half,projection_diag,0.753000,0.723000,0.782000,0.250000,0.969528,10,1.000000
MNIST exploratory,100,random_half,projection_zero,1.000000,1.000000,1.000000,0.999000,0.999990,10,1.000000
